RIAD_CODE;LEI;COUNTRY_OF_REGISTRATION;NAME
AT0000003888151;5299001Z8JOKGWV5O949;AT;Oesterreichische Nationalbank
AT0000000674745;5299000OVRLMF858L016;AT;Oesterreichische Kontrollbank Aktiengesellschaft
AT0000084375995;529900E6JZYYJ2O1OA64;AT;Oesterreichische Entwicklungsbank AG
AT0000034042182;D1HEB8VEU6D9M8ZUXG17;AT;UniCredit Bank Austria AG
AT0000000537678;529900ICA8XQYGIKR372;AT;BAWAG P.S.K. Bank für Arbeit und Wirtschaft und Österreichische Postsparkasse Aktiengesellschaft
AT0000000548014;RRUN0TCQ1K2JDV7MXO75;AT;Oberbank AG
AT0000000571933;5299003ATVTQVPTW4735;AT;BTV Vier Länder Bank AG
AT0000000571776;529900B9P29R8W03IX88;AT;BKS Bank AG
AT0000203159106;;AT;BNP Paribas SA Niederlassung Österreich
AT0000054177751;529900C567TZ45W7GV69;AT;A1 Bank AG
AT0000000920619;529900X1F1MUXHHDIV43;AT;Österreichische Ärzte- und Apothekerbank AG
AT0000040228585;;AT;Société Générale Zweigniederlassung Wien
AT0000051045050;529900MTQXTM5IIGOI81;AT;Generali Bank AG
AT0000001276474;529900990PPI3K3RDT23;AT;Volkskreditbank AG
AT0000026736650;;AT;Deutsche Bank Aktiengesellschaft Filiale Wien
AT0000001632015;529900RCLERIIXF4QM23;AT;bank99 AG
AT0000002790218;549300KFLI6V2PUY8522;AT;Bank Gutmann Aktiengesellschaft
AT0000027738994;529900TXPMGGJR19EY42;AT;Kathrein Privatbank Aktiengesellschaft
AT0000018011393;529900GIW7IGDLAYP075;AT;PARTNER BANK AKTIENGESELLSCHAFT
AT0000014537508;52990010T57RAF234Z30;AT;Schelhammer Capital Bank AG
AT0000000550424;529900ESWL1AEC189F69;AT;Schoellerbank Aktiengesellschaft
AT0000000655363;529900VJCGLCR4SHRC78;AT;Bank Winter & Co. AG
AT0000016065490;52990022SP6JDAZ2DP74;AT;Bankhaus Denzel Aktiengesellschaft
AT0000016111609;529900SHKXCII9J8CF28;AT;BMW Austria Bank GmbH
AT0000044332201;;AT;MUFG Bank (Europe) N.V. Vienna Branch
AT0000110624283;529900EL3KKJRKOK2637;AT;RCI Banque SA, Niederlassung Österreich
AT0000052383153;529900VYY1MRNR59PN57;AT;Wiener Privatbank SE
AT0000160200224;54930032WVQDN7YNRI13;AT;LGT Bank AG, Zweigniederlassung Österreich
AT0000095298293;;AT;flatexDEGIRO Bank SE
AT0000024407924;529900CCYCFJRG4F2935;AT;Bankhaus Carl Spängler & Co. Aktiengesellschaft
AT0000027111929;529900ZVK4VTIS0TOT43;AT;DenizBank AG
AT0000187798408;549300IEVCBWVV97WC81;AT;Kommunalkredit Austria AG
AT0000049108937;;AT;Commerzbank AG Niederlassung Wien
AT0000043818077;52990056W0VDKEDYUY83;AT;VakifBank International AG
AT0000012288625;5299000I7Y60A8273788;AT;Santander Consumer Bank GmbH
AT0000067035186;549300POR1VXCUOJ3V54;AT;Western Union International Bank GmbH
AT0000000551661;529900M2F7D5795H1A49;AT;Raiffeisen Digital Bank AG
AT0000036169751;529900V2939FDC9YKQ07;AT;Bausparkasse Wüstenrot Aktiengesellschaft
AT0000000537595;529900WSSQ6JIRC66D02;AT;Banco do Brasil Aktiengesellschaft
AT0000019554466;PQOH26KWDF7CG10L6792;AT;Erste Group Bank AG
AT0000077807293;549300HUKIA1IZQHFZ83;AT;Erste Bank der oesterreichischen Sparkassen AG
AT0000077238903;529900Z9G1PRYZSX4O63;AT;Die Zweite Wiener Vereins-Sparcasse
AT0000001060704;529900XA7RHLU8ECBK28;AT;Sparkasse der Stadt Amstetten AG
AT0000002414074;549300X1FFW399TI1820;AT;Sparkasse Baden
AT0000013366578;529900HFS7EV7VIALL43;AT;Sparkasse Hainburg-Bruck-Neusiedl Aktiengesellschaft
AT0000016652511;529900YFDTTO5R71VW86;AT;Sparkasse Horn-Ravelsbach-Kirchberg Aktiengesellschaft
AT0000002419115;529900L5GWPLRF3T6825;AT;Sparkasse Korneuburg AG
AT0000018000354;52990080J4AQ0O07WO29;AT;KREMSER BANK UND SPARKASSEN AKTIENGESELLSCHAFT
AT0000002415634;529900Z4R67VBTGVH491;AT;Sparkasse Langenlois
AT0000002446357;529900JSHYRHGDZL1753;AT;Sparkasse Neunkirchen
AT0000002305967;5299004T81B4514RAQ13;AT;Sparkasse Pottenstein N.Ö.
AT0000047784135;529900ZKIMUP9PHZIY83;AT;Sparkasse Poysdorf AG
AT0000047525462;549300FVPWXG57TWN385;AT;SPARKASSE NIEDERÖSTERREICH MITTE WEST AKTIENGESELLSCHAFT
AT0000002448304;529900VABV69Q757MP34;AT;Sparkasse Scheibbs AG
AT0000001342797;529900TZVDFQV1D69R57;AT;Wiener Neustädter Sparkasse
AT0000014811184;529900K5H0F7K9SBO784;AT;Waldviertler Sparkasse Bank AG
AT0000016492306;529900408LYNP1ETAV33;AT;SPARKASSE FRANKENMARKT AKTIENGESELLSCHAFT
AT0000001492337;5299006ORDZE7VB1WT33;AT;Sparkasse Salzkammergut AG
AT0000018186278;5299009MP8BA1UW56F78;AT;Sparkasse Lambach Bank Aktiengesellschaft
AT0000014744211;V0VY22PV9D0HFTF8EI62;AT;Sparkasse Oberösterreich Bank AG
AT0000016554345;529900QU5N4XMZ1M8Y58;AT;Sparkasse Neuhofen Bank Aktiengesellschaft
AT0000051253241;529900XDISRMBH5UBL39;AT;Sparkasse Eferding-Peuerbach-Waizenkirchen
AT0000002419545;529900A3V7234Q3DNK66;AT;Sparkasse Pregarten - Unterweißenbach AG
AT0000001642832;529900JQ18IUYNKUIP97;AT;Sparkasse Ried im Innkreis-Haag am Hausruck
AT0000026326759;529900JJ5V5FF6B1BP91;AT;Sparkasse Mühlviertel-West Bank Aktiengesellschaft
AT0000002400602;52990073IQ71941QXH68;AT;Sparkasse Mittersill Bank AG
AT0000001747003;529900WSPO88HBNY6S36;AT;Sparkasse Imst AG
AT0000014360406;529900HGWNOHNJP3D185;AT;Tiroler Sparkasse Bankaktiengesellschaft Innsbruck
AT0000002420717;5299005F2A4SAXE4PE25;AT;Sparkasse der Stadt Kitzbühel
AT0000001017373;529900PMGP6HWEDQW939;AT;Sparkasse Kufstein Tiroler Sparkasse von 1877
AT0000002401253;529900L8FZJJC3JGYK56;AT;Lienzer Sparkasse AG
AT0000043122017;5299001G7RXMGFNQBO33;AT;Sparkasse Rattenberg Bank AG
AT0000002420550;5299002Q3XW9T7PSYJ07;AT;Sparkasse Reutte AG
AT0000000806750;529900P4VO14SV3AUU56;AT;Sparkasse Schwaz AG
AT0000018117117;529900IZ69LR7SRU9V71;AT;Sparkasse Bregenz Bank Aktiengesellschaft
AT0000000757870;529900HC8KY7N0HNY191;AT;Dornbirner Sparkasse Bank AG
AT0000002401410;5299007CQAM6HN45CF82;AT;Sparkasse der Gemeinde Egg
AT0000000759306;5299007FR13EUF82L493;AT;Sparkasse der Stadt Feldkirch
AT0000002401501;5299006FZT79EKTMK255;AT;Sparkasse Bludenz Bank AG
AT0000002403465;5299004LQR2P5LDTH233;AT;Sparkasse Feldkirchen/Kärnten
AT0000014788002;529900TKQRJNCFUQI507;AT;Kärntner Sparkasse Aktiengesellschaft
AT0000016438275;549300DVPJYGNF2P7B03;AT;Steiermärkische Bank und Sparkassen Aktiengesellschaft
AT0000052607106;529900T3GEQTBTM4VF20;AT;Sparkasse Mürzzuschlag Aktiengesellschaft
AT0000002407458;529900XW4Z6DFWK42X08;AT;Sparkasse Pöllau AG
AT0000018318285;529900ZOABQITI07W206;AT;Sparkasse Voitsberg-Köflach Bankaktiengesellschaft
AT0000016839340;529900GZ42KYYPY7HZ06;AT;Bausparkasse der österreichischen Sparkassen Aktiengesellschaft
AT0000016076505;9ZHRYM6F437SQJ6OUG95;AT;Raiffeisen Bank International AG
AT0000002446191;529900WEWTWSNCK1VE42;AT;Raiffeisen Bausparkasse Gesellschaft m.b.H.
AT0000049307208;529900GPOO9ISPD1EE83;AT;RAIFFEISENLANDESBANK NIEDERÖSTERREICH-WIEN AG
AT0000002582102;529900TXERM62NN2XR18;AT;Raiffeisenbank Wagram-Schmidatal eGen
AT0000002583779;529900OCFXUE12L42K23;AT;Raiffeisenbank Region Amstetten eGen
AT0000002588653;529900V3U02PY23N1L13;AT;Raiffeisenbank Region Baden eGen
AT0000002588901;529900YEF6WYOHE9PX96;AT;Raiffeisenkasse Blindenmarkt eGen
AT0000002590048;529900YCZ4T4BKB8PI34;AT;Raiffeisenbank Bruck-Carnuntum eGen
AT0000002590204;529900DHP7HRRD2NH428;AT;Raiffeisen-Regionalbank Gänserndorf eGen
AT0000002590634;529900JNB0LJUQY0UH90;AT;Raiffeisenkasse Dobersberg-Waldkirchen eGen
AT0000002591798;529900AIK6F1A360D784;AT;Raiffeisenbank Eggenburg eGen
AT0000002592333;529900Q12376FYIQE036;AT;Raiffeisenkasse Ernstbrunn eGen
AT0000002587846;529900RFVP5GLLQOIN21;AT;Raiffeisenbank Region Wiener Alpen eGen
AT0000002606141;529900CDXQSKWSVDVH81;AT;Raiffeisen Regionalbank Mödling eGen
AT0000002606307;529900WDQXD1PFX4Z714;AT;Raiffeisenbank Seefeld-Hadres eGen
AT0000002606810;529900GWQUM8QE89CX95;AT;Raiffeisenkasse Haidershofen eGen
AT0000002607388;529900NHKL8DBSHOLY20;AT;Raiffeisenkasse Heiligeneich eGen
AT0000002611810;529900IJ7KCTOTCIET29;AT;Raiffeisenbank Hollabrunn eGen
AT0000002615050;529900CN08EYK9HTYJ53;AT;Raiffeisenbank Korneuburg eGen
AT0000002618906;529900DXV1NWTZEU7N92;AT;Raiffeisenbank Krems eGen
AT0000002619557;5299001U8PWEULH63086;AT;Raiffeisenbank Laa/Thaya eGen
AT0000002651600;5299009C948WQ740IL34;AT;Raiffeisenbank Oberes Waldviertel eGen
AT0000002626412;529900NGXFVA0XEAJM19;AT;Raiffeisenbank Langenlois eGen
AT0000002627063;529900YHY8PTX0T5N627;AT;Raiffeisenbank Kreuzenstein eGen
AT0000002650479;529900QBRRD2OSTO1J36;AT;Raiffeisenbank Traisen-Gölsental eGen
AT0000002628038;5299000DNBTCYOMV1W76;AT;Raiffeisenbank Region Schallaburg eGen
AT0000002447082;5299006CGNTOG0DLV470;AT;Raiffeisenbank im Weinviertel eGen
AT0000002631255;529900EWO973VIBUH148;AT;Raiffeisenkasse Neusiedl a.d.Zaya eGen
AT0000002648499;529900YKWSR6JLGDW672;AT;Raiffeisenbank Region St. Pölten eGen
AT0000002598884;529900YQLHW3085F3J71;AT;Raiffeisenbank Gross Gerungs eGen
AT0000002632063;529900WA7GAUPFZW3G52;AT;Raiffeisenkasse Orth a.d. Donau eGen
AT0000002473088;529900UY9ALV06KXQA86;AT;Raiffeisenbank Wienerwald eGen
AT0000002644407;5299003KMEKIYNEIJN24;AT;Raiffeisenkasse Retz-Pulkautal eGen
AT0000002652418;529900N9DET1J9AK9J78;AT;Raiffeisenbank Region Schwechat eGen
AT0000002653226;52990025Y7T5V0W00H04;AT;Raiffeisenbank Stockerau eGen
AT0000002655197;52990017AXISC0US4773;AT;Raiffeisenbank Tulln-Klosterneuburg eGen
AT0000002655270;529900ZIRPCT06LI2591;AT;Raiffeisenbank Vitis eGen
AT0000002655353;529900Q2R5PBFJM74T48;AT;Raiffeisenbank im Thayatal eGen
AT0000002655437;529900BW63FASOB0IV66;AT;Raiffeisenbank Ybbstal eGen
AT0000002657052;529900PYOALDPA9SZA21;AT;Raiffeisenbank Wr. Neustadt-Schneebergland eGen
AT0000002657136;529900Y3Z5A9HLAUEP44;AT;Raiffeisenbank Mittleres Mostviertel eGen
AT0000002658613;529900ELZ6BTRTP6ID16;AT;Raiffeisenbank Wolkersdorf - Auersthal eGen
AT0000002661401;529900W1A4T0O6Z1NS59;AT;Raiffeisenbank Weinviertel Nordost eGen
AT0000002662300;5299008NEDOORP72F645;AT;Raiffeisenbank Region Waldviertel Mitte eGen
AT0000001060464;529900VUMWR5RIA1I644;AT;Raiffeisenlandesbank Burgenland und Revisionsverband eGen
AT0000002570529;529900ZPKTLPXOZIRG88;AT;Raiffeisenbank Region Deutschkreutz-Horitschon eGen
AT0000002570792;529900O1U4B6CE4BZD76;AT;Raiffeisenbank Neusiedlersee-Hügelland eGen
AT0000002570875;529900BKH5J6E9QK3O80;AT;Raiffeisenbank Draßmarkt-Kobersdorf-St. Martin eGen
AT0000002571253;529900XW859RR8KRJQ73;AT;Raiffeisen Regionalbank Güssing-Jennersdorf eGen
AT0000002576138;529900R8A17HZU8IB793;AT;Raiffeisen Bezirksbank Neusiedl Ost eGen
AT0000002430781;529900ZLDHV67QISV317;AT;Raiffeisenbank Burgenland Mitte eGen
AT0000002584587;529900EWQDZH4T7BC218;AT;Raiffeisenbank Region Parndorf - Weiden am See eGen
AT0000002585980;5299007BZWKYYR5NCU63;AT;Raiffeisenbank Purbach eGen
AT0000002591285;52990025MUV1CHF0Y448;AT;Raiffeisenbank Frauenkirchen-Mönchhof-Podersdorf am See eGen
AT0000002592846;529900UFR4VRQYMN1D26;AT;Raiffeisenbezirksbank Oberwart eGen
AT0000000309375;I6SS27Q1Q3385V753S50;AT;Raiffeisenlandesbank Oberösterreich Aktiengesellschaft
AT0000002599858;529900CH2SLJSZMJ0661;AT;Raiffeisenbank Aspach-Wildenau eGen
AT0000002613949;529900C8IAWZ6WEV8M89;AT;Raiffeisenbank Region Altheim eGen
AT0000002669651;529900ONK58CVJYL2G05;AT;Raiffeisenbank Region Braunau eGen
AT0000002605846;52990071PNK8TE25EM38;AT;Raiffeisenbank Grein eGen
AT0000002652509;529900S6MFG60PNF4258;AT;Raiffeisenbank Donau-Ameisberg eGen
AT0000002639662;529900VD28IW1IHAKM38;AT;Raiffeisenbank Ennstal eGen
AT0000002606224;529900AUJCEJQ71UCR09;AT;Raiffeisenbank Eberschwang-Pramet eGen
AT0000002606653;529900PE90YKMGGZMM05;AT;Raiffeisenbank Region Traun-Alm eGen
AT0000002610259;529900K1JBMMT2QTSF23;AT;Raiffeisenbank Feldkirchen-Goldwörth eGen
AT0000002629788;529900EBSULTTNS1NE94;AT;Raiffeisenbank Region Freistadt eGen
AT0000002611737;529900RK0V6Z8BYXRO14;AT;Raiffeisenbank Region Gallneukirchen eGen
AT0000002612701;52990034MAUYMF1FE979;AT;Raiffeisenbank Gampern eGen
AT0000002612974;529900GEAFEARYCL2131;AT;Raiffeisenbank Steyr eGen
AT0000002614244;52990015I96TLGKUIX18;AT;Raiffeisenbank Geretsberg eGen
AT0000002616538;529900ZBDIG1HKCZ8X35;AT;Raiffeisenbank Almtal eGen
AT0000002616702;529900E0PUOWI7LOPP89;AT;Raiffeisenbank Gunskirchen eGen
AT0000002616025;529900EKSYVO11PXHY85;AT;Raiffeisenbank Gramastetten Rodltal eGen
AT0000002617692;529900TRSKXWKPSSOP03;AT;Raiffeisenbank Handenberg - St. Georgen a. F. eGen
AT0000002625018;529900QRUZGO2FG88U17;AT;Raiffeisenbank Region Eferding eGen
AT0000002473328;5299003CGERWU3RQT216;AT;Raiffeisenbank Innkreis Mitte eGen
AT0000002625794;529900DBO0R9X5EZBF88;AT;Raiffeisenbank Kematen-Neuhofen eGen
AT0000002627147;529900EZ238BZ9Q5DV15;AT;Raiffeisenbank Kleinmünchen/Linz eGen
AT0000002627659;5299006VZVXT7MYYUM62;AT;Raiffeisenbank Kollerschlag eGen
AT0000002617262;5299004J5SVYYCFJ2M33;AT;Raiffeisenbank Region Hausruck eGen
AT0000002630109;529900A455AYF41M8I62;AT;Raiffeisenbank Linz-Land West eGen
AT0000015088816;529900F9ZP0XDKL33R63;AT;Raiffeisenbank Region Bad Leonfelden eGen
AT0000002631412;5299008SBQ9VIEKB8J49;AT;Raiffeisenbank Lochen am See eGen
AT0000002666558;529900XUR3TQNOWU1A10;AT;Raiffeisenbank Region Neufelden eGen
AT0000015112038;529900C8QKEEBKIW8L39;AT;Raiffeisenbank Mattigtal eGen
AT0000002633384;529900ALBHVM45LNKA06;AT;Raiffeisenbank Maria Schmolln-St. Johann eGen
AT0000002634945;529900YTBQ5AY4TZKS87;AT;Raiffeisenbank Region Kirchdorf eGen
AT0000002635751;529900QKLWKZ49J6PF68;AT;Raiffeisenbank Mondseeland eGen
AT0000002627303;5299007JS6F7MGJNN453;AT;Raiffeisenbank Mühlviertler Alm eGen
AT0000013301955;529900JQOOP40RCT9O97;AT;Raiffeisenbank Attersee-Süd eGen
AT0000002607032;529900KVZTRFYOIY3C40;AT;Raiffeisenbank Oberes Innviertel eGen
AT0000002645982;52990092G3O6HWRIDF18;AT;Raiffeisenbank Ohlsdorf eGen
AT0000002604799;5299004J3SBQE609PM70;AT;Raiffeisenbank Region Rohrbach eGen
AT0000002650552;5299005EA9T38I7XR654;AT;Raiffeisenbank Pöndorf - Frankenmarkt eGen
AT0000002651444;529900AOZMITAMK18X23;AT;Raiffeisenbank Prambachkirchen eGen
AT0000002655866;529900WF4Z4DH3I27N63;AT;Raiffeisenbank Region Peuerbach eGen
AT0000002634192;529900FVKXNY159SQ550;AT;Raiffeisenbank Region Ried i.I. eGen
AT0000002598538;529900HO75COKM8A9M61;AT;Raiffeisenbank Region Schärding eGen
AT0000002617346;529900KUZWNTDRVVC681;AT;Raiffeisenbank Aist eGen
AT0000002659181;529900I4P8L3QJ7U7U57;AT;Raiffeisenbank Pyhrn-Priel eGen
AT0000002629432;529900MOXX01XJZWOQ09;AT;Raiffeisenbank Salzkammergut eGen
AT0000002660510;5299004MQEQMFM5P7A39;AT;Raiffeisenbank St.Florian am Inn eGen
AT0000002660866;529900GA6PI4RR9P1615;AT;Raiffeisenbank Attergau eGen
AT0000002663969;5299005TKVFZBU7P6A67;AT;Raiffeisenbank St. Marien eGen
AT0000002667283;529900AIY0IED6IR0W74;AT;Raiffeisenbank St. Roman eGen
AT0000013257603;529900ZF1HXFXZ5JBG77;AT;Raiffeisenbank Inneres Salzkammergut eGen
AT0000002669149;5299009I080H47W23Y06;AT;Raiffeisenbank Region Sierning-Enns eGen
AT0000013256209;5299001QR2L8V0XJTV10;AT;Raiffeisenbank Attersee-Nord eGen
AT0000002635249;529900TC3EY5B3RLQ506;AT;Raiffeisenbank Region Schwanenstadt eGen
AT0000002637021;529900E9VBPRCM1ALD35;AT;Raiffeisenbank Steinbach-Grünburg eGen
AT0000002641304;5299009TR67CC0B9DH43;AT;Raiffeisenbank Timelkam-Lenzing-Puchkirchen eGen
AT0000001268026;529900X0E841KVE4VX13;AT;Raiffeisenbank Wels eGen
AT0000015111220;529900H4VZFCVFKLDA98;AT;Raiffeisenbank Region Vöcklabruck eGen
AT0000002647178;529900KNDF2BG6A18Q42;AT;Raiffeisenbank Walding-Ottensheim eGen
AT0000005351844;5299005FGMOKS2X2XW30;AT;Raiffeisenbank Region Grieskirchen eGen
AT0000002648226;5299007DEXXIPXREO072;AT;Raiffeisenbank Wartberg an der Krems eGen
AT0000002650636;529900DUYNT6E3JH8B81;AT;Raiffeisenbank Weißkirchen a.d. Traun eGen
AT0000002652095;529900IRWR9MEXI1D219;AT;Raiffeisenbank Weyer eGen
AT0000002640835;529900IE8J660F7TG961;AT;Raiffeisenbank Wels Süd eGen
AT0000002648903;529900YEZT2PSKDO2832;AT;Raiffeisenbank Perg eGen
AT0000001220928;529900LU7D396TOO3B50;AT;Raiffeisenverband Salzburg eGen
AT0000002859195;529900B1I234XFGXB654;AT;Raiffeisenbank Lammertal eGen
AT0000002838942;529900WKMGV4YQB28F12;AT;Raiffeisenbank Altenmarkt-Flachau-Eben eGen
AT0000003264106;529900PY8HJ7S90H3468;AT;Raiffeisenbank Anthering - Elixhausen eGen
AT0000002799862;529900LKC78RCPF4OP49;AT;Raiffeisenbank Hohe Tauern eGen
AT0000002801437;529900N9C4Q1U8GYMT96;AT;Raiffeisenbank Flachgau Mitte eGen
AT0000003264379;529900SBTI63M33ETL90;AT;Raiffeisenbank Faistenau-Hintersee eGen
AT0000002859609;529900KN7BJCPCXNHH34;AT;Raiffeisenbank Golling-Scheffau-Kellau registrierte Genossenschaft mit beschränkter Haftung
AT0000002816708;529900TN0TW2D7KQBH06;AT;Raiffeisenbank Untersberg eGen
AT0000002801601;5299000DS6PEAJA28H06;AT;Raiffeisenbank Großarl-Hüttschlag eGen
AT0000002816385;529900IN46275E6A7F39;AT;Raiffeisenbank Großgmain eGen
AT0000002801940;529900WAA7HEARUX0S78;AT;Raiffeisenbank Wallersee eGen
AT0000002802161;529900EO4WC4F1KM1F38;AT;Raiffeisenbank Hallein-Oberalm eGen
AT0000002858031;529900CYGULV4U54UT27;AT;Raiffeisenbank Gastein eGen
AT0000002815817;529900YXRNPC5YDM1P93;AT;Raiffeisenbank Hüttau-St. Martin eGen
AT0000002859781;529900ZRHSL769NX0G06;AT;Raiffeisenbank Kuchl-St. Koloman eGen
AT0000003253174;529900351GPS9WXA2C05;AT;Raiffeisenbank Flachgau Nord eGen
AT0000002858973;529900RD4I6JQDY6HA87;AT;Raiffeisenbank Oberpinzgau eGen
AT0000003705256;529900HQQ5B304CEBH51;AT;Raiffeisenbank Salzburger Seenland eGen
AT0000002816203;529900EHKIU0WY56RO78;AT;Raiffeisenbank Radstadt-Untertauern-Filzmoos-Forstau registrierte Genossenschaft mit beschränkter Haftung
AT0000002858460;5299004ZU2QE5YME0H22;AT;Raiffeisenbank Rauris-Bucheben eGen
AT0000002803300;529900RZCTL7FS07IX41;AT;Raiffeisenbank Saalbach-Hinterglemm-Viehhofen eGen
AT0000002859948;5299001R65GPN5AW9T45;AT;Raiffeisenbank Pinzgau Mitte eGen
AT0000002858627;5299006VR0N8XB1AYR69;AT;Raiffeisenbank Salzburg Liefering-Maxglan-Siezenheim eGen
AT0000002858205;5299009P3E3YVMYOMP72;AT;Raiffeisenbank Pongau Mitte eGen
AT0000002803482;529900P6ELWHYX9UA822;AT;Raiffeisenbank St.Gilgen-Fuschl-Strobl eGen
AT0000003710090;5299006QOEXB5SXL4028;AT;Raiffeisenbank St. Martin-Lofer-Weißbach eGen
AT0000002803722;529900KELJW0X5IGKS48;AT;Raiffeisenbank Straßwalchen eGen
AT0000002816468;529900PN604MO3H4BI83;AT;Raiffeisenbank Lungau eGen
AT0000003714670;529900L2BWCD9XBNJL68;AT;Raiffeisenbank Taxenbach eGen
AT0000003714753;529900FPB63BJZ91F272;AT;Raiffeisenbank Fuschlsee West eGen
AT0000002859518;529900BIJJGJJXO33652;AT;Raiffeisenbank Unken eGen
AT0000002804373;529900TM5Z07RGPDPP86;AT;Raiffeisenbank St. Johann-Wagrain-Kleinarl eGen
AT0000002816625;5299008KTG5Y94Z10032;AT;Raiffeisenbank Wals-Himmelreich eGen
AT0000000805943;5299005OACOC1C1OFJ11;AT;Raiffeisen-Landesbank Tirol AG
AT0000002585717;52990020D0OVJ59CJ526;AT;Raiffeisenbank Absam-Thaur-Volders eGen
AT0000002588570;529900D6A0T7DWDKI482;AT;Raiffeisenbank Alpbachtal eGen
AT0000002593901;5299009T4E9DGUM3SB85;AT;Raiffeisenbank Brixen im Thale eGen
AT0000002596409;5299008X2NKH3ND4EX77;AT;Raiffeisen Regionalbank Achensee eGen
AT0000002600102;5299001M22M20MLUQL39;AT;Raiffeisenbank Ehrwald-Lermoos-Biberwier eGen
AT0000002602660;5299005434158TH0MT43;AT;Raiffeisen Regionalbank Fügen-Kaltenbach-Zell eGen
AT0000002606901;529900QOLXPM7KG1E873;AT;RaiffeisenBank Going eGen
AT0000002609327;529900KGROBWC23LXL85;AT;Raiffeisenbank Hippach-Hart eGen
AT0000002609830;529900VO5UQH96VLTA87;AT;Raiffeisenbank Wilder Kaiser - Brixental West eGen
AT0000002611497;529900YRK4IO35RLYM24;AT;Raiffeisenbank Arlberg Silvretta eGen
AT0000002473757;529900XG9P1JQ1NMJ395;AT;Raiffeisenbank Kitzbühel - St. Johann eGen
AT0000002630364;5299007DOUWDSEQN8L36;AT;Raiffeisenbank Kössen-Kirchdorf eGen
AT0000002632733;529900JRPX3ZQ025KP77;AT;Raiffeisenbank Kundl-Münster eGen
AT0000002633038;5299007ST2V666DOLE22;AT;Raiffeisenbank im Ötztal und Umgebung eGen
AT0000002634515;529900NPXLPY9ZGPM933;AT;Raiffeisenbank Matrei am Brenner und Umgebung eGen
AT0000002635405;529900E207YAMW45CB47;AT;Raiffeisenbank Mayrhofen und Umgebung eGen
AT0000002658886;529900JSUX30WA3SLJ75;AT;Raiffeisenkasse für Mutters, Natters und Kreith registrierte Genossenschaft mit beschränkter Haftung
AT0000002660783;5299005D7BSJAXC1U023;AT;Raiffeisenbank Neustift-Mieders-Schönberg im Stubaital eGen
AT0000002597647;529900QGUU1U8P6VE060;AT;Raiffeisenbank Oberland-Reutte eGen
AT0000002598454;5299001AH9W3WV8CMJ04;AT;Raiffeisenkasse Rum-Innsbruck/Arzl eGen
AT0000002599346;529900UKPGGXLL5DS585;AT;Raiffeisenbank Seefeld-Leutasch-Reith-Scharnitz registrierte Genossenschaft mit beschränkter Haftung
AT0000002599775;529900PRWY39ZU97UW60;AT;Raiffeisenbank Serfaus-Fiss-Ried-Nauders eGen
AT0000002601340;529900LX5BCXIMF39933;AT;Raiffeisenkasse Schlitters, Bruck und Strass registrierte Genossenschaft mit beschränkter Haftung
AT0000002601696;529900PI0PFKC7SJX125;AT;Raiffeisen Regionalbank Schwaz-Wattens eGen
AT0000002600615;529900UV9NELX3COCG58;AT;Raiffeisenbank Sölden eGen
AT0000002625281;529900PUH54CHFZDH147;AT;Raiffeisenbank Wipptal - Stubaital Mitte eGen
AT0000002610333;5299003XVYDWYG79FM37;AT;Raiffeisenkasse Stumm, Stummerberg und Umgebung registrierte Genossenschaft mit beschränkter Haftung
AT0000002610762;52990049GGPZL58BKE94;AT;Raiffeisenbank Tannheimertal eGen
AT0000002473831;529900MNB4WYVQMHEP34;AT;Raiffeisenbank Tirol Mitte West eGen
AT0000002619045;529900H4WKIZQYKYTF25;AT;Raiffeisenbank Langkampfen-Thiersee eGen
AT0000002431086;52990001LP4SHV9LRI48;AT;Raiffeisenbank Tux eGen
AT0000002620803;529900B11OPJRIMVPA37;AT;RaiffeisenBank St. Ulrich - Waidring eGen
AT0000002664934;529900UL1TXJ2CX4G795;AT;Raiffeisenbank Pitztal eGen
AT0000002625109;529900PAQ1Q90FL2SR40;AT;Raiffeisenbank Wildschönau eGen
AT0000002625521;529900283EG8U91F0U08;AT;Raiffeisen Bezirksbank Kufstein eGen
AT0000002609160;529900C2O38FO5AWTF91;AT;Raiffeisen Regionalbank Hall in Tirol eGen
AT0000002859351;529900P3CZ7LEADT4B05;AT;Raiffeisenbank Sillian - Lienzer Talboden eGen
AT0000002431599;529900GM7ROAY9MPT913;AT;Raiffeisen Regionalbank Matrei i.O. eGen
AT0000002620217;529900ZLBMGIJKNXSD23;AT;Raiffeisenkasse Villgratental eGen
AT0000001455649;529900G8QD457M2SW556;AT;Alpen Privatbank Aktiengesellschaft
AT0000001221819;529900FEID5L4H2T2L70;AT;Raiffeisen Landesbank Vorarlberg mit Revisionsverband eGen
AT0000002672606;529900B8ZPQXSPCLTD68;AT;Raiffeisenbank Alberschwende eGen
AT0000002672952;529900OCERC8S9IGQJ90;AT;Raiffeisenbank Bezau-Mellau-Bizau eGen
AT0000002673927;529900EWR06UH8ANH691;AT;Raiffeisenbank Im Rheintal eGen
AT0000002674222;529900QPSJDW4Z12VO64;AT;Raiffeisenbank Montfort eGen
AT0000002674578;529900L1D5CYVFE95A28;AT;Raiffeisenbank Mittel- und Hinterbregenzerwald eGen
AT0000002677407;529900W4Z3RNACRRNH50;AT;Raiffeisenbank Bodensee-Leiblachtal eGen
AT0000019902848;5299003IDL6A65WOLV68;AT;Walser Raiffeisen Bank Aktiengesellschaft
AT0000002675625;529900HDXLRETP3GDZ20;AT;Raiffeisenbank Vorderbregenzerwald eGen
AT0000002675898;529900L0C41F3FUM7O57;AT;RAIFFEISENBANK HOHENEMS eGen
AT0000002677670;529900HI0747ZYOLS056;AT;Raiffeisenbank Lech am Arlberg eGen
AT0000002678561;529900XI27JP2V48OI16;AT;RAIFFEISENBANK im Walgau eGen
AT0000002679700;529900YZ7SCJRD675M60;AT;Raiffeisenbank Bludenz-Montafon eGen
AT0000002680468;52990011EY5WB0027820;AT;Raiffeisenbank Weissachtal eGen
AT0000002680542;529900F4PAS0XF12N781;AT;Raiffeisenbank Vorderland eGen
AT0000002680898;529900E4S292AUEPOA58;AT;Raiffeisenbank am Hofsteig eGen
AT0000001221223;529900UNUKYZ9HND3309;AT;Raiffeisen-Landesbank Steiermark AG
AT0000002567228;5299006SI21AP8AO6N63;AT;Raiffeisenbank Oststeiermark Nord eGen
AT0000002568119;529900S7RDLH962SLR89;AT;Raiffeisenbank Süd-Weststeiermark eGen
AT0000002568200;529900G6PA459NC9MA06;AT;Raiffeisenbank Region Fehring eGen
AT0000002568465;529900RQ94JHBXLQYS17;AT;Raiffeisenbank Mittlere Südoststeiermark eGen
AT0000002569273;529900KM8P1Q4L0HCX48;AT;Raiffeisenbank Region Fürstenfeld eGen
AT0000002569430;5299006WFYWBOMDCHA64;AT;Raiffeisenbank Gamlitz eGen
AT0000002569604;529900HUNXOFZ7HGUU35;AT;Raiffeisenbank Gleinstätten-Leutschach-Wildon eGen
AT0000002569943;529900Y5NUIF87YASP37;AT;Raiffeisenbank Region Gleisdorf-Pischelsdorf eGen
AT0000002571501;529900R2QL3C2AINYG94;AT;Raiffeisenbank Gratkorn eGen
AT0000002572491;529900OB49JFT03YO325;AT;Raiffeisenbank Schladming-Gröbming eGen
AT0000002574513;529900S2OJ5QFB1T2N70;AT;Raiffeisenbank Mariazellerland eGen
AT0000002475026;529900BE5LJFTFGTT751;AT;Raiffeisenbank Hausmannstätten eGen
AT0000002575759;529900PPVG3BDSDC4D89;AT;Raiffeisenbank Ilz-Großsteinbach-Riegersburg eGen
AT0000002576211;529900SATWR4ODD5IU36;AT;Raiffeisenbank Heiligenkreuz-Kirchbach -St. Georgen eGen
AT0000002566840;529900FS1NI3QY3KFM24;AT;Raiffeisenbank Mürztal eGen
AT0000002576724;5299000OBYTT24O0ST84;AT;Raiffeisenbank Weiz-Anger eGen
AT0000002576997;529900JVEDZDVL51Z085;AT;Raiffeisenbank Leibnitz eGen
AT0000002577102;529900QLEC5P826ESS32;AT;Raiffeisenbank Kalsdorf-Lieboch-Stainz eGen
AT0000002577532;529900H59EKJMH0GFO68;AT;Raiffeisenbank Region Liezen eGen
AT0000002577888;529900J5TTRCNNV7T835;AT;Raiffeisenbank Liesingtal-St. Stefan eGen
AT0000002578696;529900YKUKGMCT6COC26;AT;Raiffeisenbank Steirisches Salzkammergut-Öblarn eGen
AT0000002578779;529900EDACO4YT5O9K42;AT;Raiffeisenbank Nestelbach-Eggersdorf eGen
AT0000002579587;529900QRFKD32R2U5K09;AT;Raiffeisenbank Passail eGen
AT0000002579900;529900ROD7LCYFUHIV64;AT;Raiffeisenbank Region Radkersburg eGen
AT0000002580676;5299007D752OSBB86237;AT;Raiffeisenbank Gratwein-Hitzendorf eGen
AT0000002580759;529900KKMSLF6I7F5T86;AT;Raiffeisenbank Aichfeld eGen
AT0000002580833;529900BTDS34PLCQRX17;AT;Raiffeisenbank Turnau-St. Lorenzen eGen
AT0000001970175;529900EE7UGTSIXNVP60;AT;Raiffeisenbank Graz-St. Peter eGen
AT0000002583001;529900KYPXTATAT5ZN25;AT;Raiffeisenbank Zirbenland eGen
AT0000002583340;52990059EQPS5XDTSY92;AT;Raiffeisenbank Mureck eGen
AT0000002589545;529900CUU4JC0MBXOU43;AT;Raiffeisenbank Region Graz Nord eGen
AT0000002589891;529900OWAHL9U8K9E874;AT;Raiffeisenbank Murau eGen
AT0000002590121;529900G0O4D2ZDKYAM83;AT;Raiffeisenbank Region Hartberg eGen
AT0000002590980;5299000ZVON1HSFMRU07;AT;Raiffeisenbank Straß-Spielfeld eGen
AT0000002591368;529900X110E4BDKR0G09;AT;Raiffeisenbank Stallhofen eGen
AT0000002591954;52990002L2FUVOJEWS11;AT;Raiffeisenbank Graz-Straßgang eGen
AT0000002567657;529900GC5ZDA0LHHIK36;AT;Raiffeisenbank Leoben-Bruck eGen
AT0000002474136;529900XS6MCV68IFRW92;AT;Raiffeisenbank Weststeiermark eGen
AT0000002595781;5299009VLI8ZROIK9N78;AT;Raiffeisenbank Region Feldbach eGen
AT0000001120979;5299009EHB4RBGMI5828;AT;Raiffeisen Landesbank Kärnten und Revisionsverband eGen
AT0000001148202;529900KD0L0FDTDAPJ25;AT;Posojilnica Bank eGen
AT0000002668091;529900LYL30YXPC9A987;AT;Raiffeisen-Bezirksbank Spittal/Drau, registrierte Genossenschaft mit beschränkter Haftung
AT0000002692208;529900SB2SZS3VO8TA36;AT;Raiffeisenbank Eberndorf registrierte Genossenschaft mit beschränkter Haftung
AT0000002692398;529900RXFRWBLUILY550;AT;Raiffeisenbank Unteres Lavanttal eGen
AT0000002694923;529900LYICCHVV23LU18;AT;Raiffeisenbank Grafenstein-Magdalensberg und Umgebung, registrierte Genossenschaft mit beschränkter Haftung
AT0000002695904;529900BHW28OSHOYIN59;AT;Raiffeisenbank Karnische Region eG
AT0000002696381;52990082FUIF8HZHY732;AT;Raiffeisenbank Wörthersee-Landskron-Gegendtal eG
AT0000002685939;529900NOCM598IG2HZ91;AT;Raiffeisenbank Moosburg-Tigring, registrierte Genossenschaft mit beschränkter Haftung
AT0000002686077;529900A1B1P6M9M0WA86;AT;Raiffeisen Bank Lurnfeld-Mölltal eGen
AT0000002686580;529900I5VIERNMU0B764;AT;Raiffeisenbank Drautal registrierte Genossenschaft mit beschränkter Haftung
AT0000002686820;529900B7B1J8IEHUNI05;AT;Raiffeisenbank Nockberge eGen
AT0000002686903;529900S1E4L6A03YXJ15;AT;Raiffeisenbank Lieser-Maltatal eG
AT0000002687638;529900FT8EQ3UTVPCG65;AT;Raiffeisenbank Mittelkärnten eG
AT0000002692802;529900WWA9MN29QT8B70;AT;Raiffeisenbank Millstättersee eG
AT0000002692984;529900ISXKZVQAY6KO53;AT;Raiffeisenbank Mittleres Lavanttal eGen
AT0000002693107;5299009F7ZI3COCVHS41;AT;Raiffeisenbank Rosental, registrierte Genossenschaft mit beschränkter Haftung
AT0000002693289;529900O280AF6DZYQG85;AT;Raiffeisenbank Oberes Lavanttal - St. Paul eG
AT0000002693792;529900UVX2XR8Y4ZUQ97;AT;Raiffeisenbank Region Villach eG
AT0000002693875;52990001X55ZFHKXU724;AT;Raiffeisenbank Friesach-Metnitztal, registrierte Genossenschaft mit beschränkter Haftung
AT0000002694170;5299006LX0E5G7H3GA67;AT;Raiffeisenbank Ossiacher See eG
AT0000002694410;5299000LO77G7PYWD232;AT;Raiffeisenbank Völkermarkt-Bleiburg-Brückl eGen
AT0000002694501;52990010KATB4A736397;AT;Raiffeisenbank Wernberg, registrierte Genossenschaft mit beschränkter Haftung
AT0000002694683;529900S9TROSI3DQS421;AT;Raiffeisenbank Großglockner-Weissensee eG
AT0000001449915;529900QC8RSY99BN3H06;AT;DolomitenBank Osttirol-Westkärnten eG
AT0000002402145;549300MD0MH7D38WOH93;AT;Marchfelder Bank eG
AT0000002403382;529900GXZM8IKP4S7O11;AT;Volksbank Kärnten eG
AT0000017875780;529900CYHTDIZTXAFW51;AT;Volksbank Tirol AG
AT0000051717419;529900D4CD6DIB3CI904;AT;VOLKSBANK WIEN AG
AT0000178845788;529900AB1TM69EG83E75;AT;Volksbank Steiermark AG
AT0000000834703;5299002O43DCLC2NJV75;AT;Volksbank Oberösterreich AG
AT0000161481500;529900SRZ6M5Q9BO3131;AT;WSK Bank AG
AT0000000696714;529900P1U3D3OR1TG879;AT;Volksbank Salzburg eG
AT0000000907608;529900Z809LC9QNOR649;AT;VOLKSBANK VORARLBERG e. Gen.
AT0000016464198;529900TJVZO6PPBYKU80;AT;Volksbank Niederösterreich AG
AT0000016131201;529900AUL2XTLS3EM992;AT;HYPO-BANK BURGENLAND Aktiengesellschaft
AT0000016293878;529900DADVVDC7X65L89;AT;Austrian Anadi Bank AG
AT0000077841805;5493007BWYDPQZLZ0Y27;AT;HYPO NOE Landesbank für Niederösterreich und Wien AG
AT0000036136404;529900BI5KIGX6YLX375;AT;Oberösterreichische Landesbank Aktiengesellschaft
AT0000039768740;0W5QHUNYV4W7GJO62R27;AT;HYPO TIROL BANK AG
AT0000033690569;NS54DT27LJMDYN1YFP35;AT;Hypo Vorarlberg Bank AG
AT0000002446274;529900ANOYN8YYBSCC45;AT;Österreichische Hotel- und Tourismusbank Gesellschaft m.b.H.
AT0000001211935;529900AZFXT8865M6B67;AT;SPAR-FINANZ BANK AG
AT0000001055209;529900L89TGSPV9OU151;AT;Porsche Bank Aktiengesellschaft
AT0000084404175;;AT;TeamBank Österreich - Niederlassung der TeamBank AG Nürnberg
AT0000002099537;529900PFZ21Q6MS9E857;AT;card complete Service Bank AG
AT0000093710018;529900MZNQDC3A3WSZ72;AT;Liechtensteinische Landesbank (Österreich) AG
BE00255-0002;549300TX84UDG4NEMU56;BE;KBC MULTI INTEREST - CASH USD
BE00665-0020;549300J0II7EWMEVAZ34;BE;KBC PARTICIPATION - CASH PLUS
BE00255-0009;549300QYBDX818QWY450;BE;KBC MULTI INTEREST - CASH 3 MONTH DURATION
BE00255-0010;549300U1HGLKAOIXDG45;BE;KBC MULTI INTEREST - CASH 5 MONTH DURATION
BE0819210332;;BE;ABN AMRO Bank N.V.
BE0404453574;A6NZLYKYN1UV7VVGFX65;BE;ARGENTA SPAARBANK
BE0403201185;A5GWLFH3KM7YV2SFQL84;BE;BELFIUS BANK
BE0403200393;JLS56RAMYQZECFUF2G44;BE;ING BELGIE
BE0445048470;;BE;BANCO BILBAO VIZCAYA ARGENTARIA
BE0423454191;;BE;BANQUE CHAABI DU MAROC
BE0827624586;;BE;BANK OF CHINA (EUROPE) SA
BE0889389238;894500WW71AUXGUNAR71;BE;BANK OF INDIA
BE0830227057;;BE;BANQUE DE LUXEMBOURG
BE0403199306;549300U1YXDFKMDU7D20;BE;UniCredit
BE0404140107;549300F0CVELHBU9A156;BE;BANQUE NAGELMACKERS
BE0403201482;;BE;BNP PARIBAS
BE0415718640;5493008BATDQM2LE5Z97;BE;BYBLOS BANK EUROPE
BE0400040965;549300EMW7AECU3N6X07;BE;BankB
BE0402487939;549300GN1OZCOY5S7285;BE;BANQUE CPH
BE0403211380;DVCTKZJG5QM5XGM4TR05;BE;CBC Banque
BE0457370044;;BE;CREDIT AGRICOLE CORPORATE AND INVESTMENT BANK
BE0401517147;529900GQWNQZIWLG8D46;BE;BEOBANK NV/SA
BE0403212172;549300NBLHT5Z7ZV1241;BE;BANK DEGROOF PETERCAM
BE0453076211;54930005DD2HH36LIR91;BE;DELEN PRIVATE BANK
BE0418371094;;BE;DEUTSCHE BANK AG
BE0456775869;;BE;NIBC  Bank n.v
BE0879995183;549300APOHPVL4YFCA77;BE;BANQUE ENI
BE0400028394;5493007JPYB9SW6CSB23;BE;Europabank
BE0879257191;549300W3KIN4AHKM6X10;BE;ARKEA DIRECT BANK
BE0873296641;;BE;Van Lanschot Kempen N.V
BE0403199702;KGCEPHLVVKVRZYO1T647;BE;BNP Paribas Fortis
BE0872743345;549300OHZQPOY65BN167;BE;BANQUE TRANSATLANTIQUE BELGIUM
BE0830597835;254900ZKHJDL54RYBS45;BE;Industrial and Commercial Bank of China (EUROPE) S.A.
BE0876825560;;BE;CREDIT FONCIER DE FRANCE
BE0828223909;;BE;ING BANK N.V.
BE0806743159;MMYX0N4ZEZ13Z4XCG897;BE;THE BANK OF NEW YORK MELLON
BE0404055577;549300Y3RTKH8O8DYY87;BE;BANK J.VAN BREDA & C°
BE0462920226;6B2PBRV1FCJDMR45RZ53;BE;KBC Bank
BE0500864745;5493002CVZ60P7CGHM46;BE;Lombard Odier (Europe) S.A.
BE0429875591;549300OZ46BRLZ8Y6F65;BE;EUROCLEAR BANK
BE0203201340;CGYP50QBGGR6NCHTSN68;BE;Nationale Bank van België
BE0205764318;549300DYPOFMXOR7XM56;BE;CRELAN
BE0882414641;;BE;IC FINANCIAL SERVICES
BE0479608085;;BE;EDMOND DE ROTHSCHILD (EUROPE)
BE0426220671;;BE;Coöperatieve Rabobank U.A.
BE0877996092;;BE;Rothschild & Co Martin Maurel
BE0424025008;549300P3DIW86LCFS227;BE;State Bank of India
BE0455297412;;BE;SOCIETE GENERALE
BE0413172884;;BE;Kabushiki Kaisha Mitsui Sumitomo Ginko - Sumitomo Mitsui Banking Corporation
BE0450507887;89450081XFAV37VSL284;BE;TRIODOS BANK
BE0448490386;549300UZW78KEHRUB928;BE;UNITED TAIWAN BANK
BE0404501381;54930084TZJBK6D1AY92;BE;VAN DE PUT & CO Banquiers Privés
BE0400067788;54930060Q00W1SRIUI57;BE;vdk bank
BE0884276150;;BE;Attijariwafa Bank Europe
BE0821165475;;BE;CNH INDUSTRIAL CAPITAL EUROPE
BGBGUS9160;529900UTZ5VF4APIJR57;BG;Bulgarian-American Credit Bank AD
BGBNBG9661;5299001WEKCK7E65TI48;BG;Bulgarian National Bank
BGBNPA9440;;BG;BNP Paribas S.A. - Sofia Branch
BGBPBI9920;549300IRGNL8Q3O8Y413;BG;Eurobank Bulgaria
BGBUIN9561;259400UB1DGSK7SCP470;BG;Allianz Bank Bulgaria AD
BGCECB9790;5299002142DS5ONT5540;BG;Central Cooperative Bank AD
BGCITI9250;;BG;Citibank Europe plc, Bulgaria Branch
BGCREX9260;5299005OQIUZZAFLA333;BG;Tokuda Bank
BGDEMI9240;5299007I6XULEQYH1B18;BG;D Commerce Bank AD
BGFINV9150;549300UY81ESCZJ0GR95;BG;First Investment Bank
BGIABG9470;529900RPGHC6DQEQL615;BG;International Asset Bank AD
BGINGB9145;;BG;ING Bank N.V. - Sofia Branch
BGIORT9120;529900N42RG1Q1474762;BG;Investbank AD
BGNASB9620;549300615CPXQO52J309;BG;BULGARIAN DEVELOPMENT BANK
BGPRCB9230;529900NLNI85YIRQX052;BG;ProCredit Bank (Bulgaria) EAD
BGSOMB9130;2138007DX2PGI77JX128;BG;Municipal Bank AD
BGSTSA9300;529900GEH0DAUTAXUA94;BG;DSK Bank AD
BGTBIB9310;529900KIX7269PVMPY26;BG;TBI Bank EAD
BGTCZB9350;;BG;T. C. Ziraat Bankasi - Sofia Branch
BGTEXI9545;529900EKPN8EYA3AX590;BG;Texim Bank AD
BGUBBS9200;5299000PCY1EP8QJFV48;BG;United Bulgarian Bank AD
BGUNCR9660;549300Z7V2WOFIMUEK50;BG;UniCredit Bulbank AD
CY000001;213800OEIJJPAMOFV795;CY;THE CENTRAL BANK OF CYPRUS
CY110001;529900VS0F7BA91P4I60;CY;Alpha Bank Cyprus Limited
CY110002;PQ0RAP85KK9Z75ONZW93;CY;BANK OF CYPRUS PUBLIC COMPANY LTD
CY110005;CXUHEGU3MADZ2CEV7C11;CY;Eurobank Limited
CY110006;213800HYE2VYP5WKFI43;CY;Housing Finance Corporation
CY110008;5493008QZPPHVJ8Q4F45;CY;National Bank of Greece (Cyprus) Ltd
CY110009;213800P1P13ABO5R9V78;CY;Societe Generale Bank - Cyprus Ltd
CY110012;549300TTZTKBUFKWH890;CY;The Cyprus Development Bank Public Company Ltd
CY120004;98450044FFE9D1T49998;CY;Arab Jordan Investment Bank SA
CY120007;;CY;Banque SBA
CY120013;;CY;First Investment Bank Ltd
CY120016;549300TGUOUK4B24S925;CY;Jordan Ahli Bank
CY120018;;CY;Joint Stock Company Commercial Bank “Privatbank”
CY120020;;CY;Jordan Kuwait Bank PLC
CY120023;;CY;Central Cooperative Bank AD
CZ00001350;Q5BP2UEQ48R75BOTCB92;CZ;Československá obchodní banka, a. s.
CZ00671126;315700SFHSCX7SDH9K89;CZ;Volksbank Raiffeisenbank Nordoberpfalz eG pobočka Cheb
CZ13584324;315700P9VEX9V24RXR14;CZ;ČSOB Hypoteční banka, a.s.
CZ24131768;;CZ;Bank Gutmann Aktiengesellschaft, pobočka Česká republika
CZ25307835;31570010000000039380;CZ;TRINITY BANK a.s.
CZ25672720;I6USJ58BDV2BO5KP3C31;CZ;MONETA Money Bank, a.s.
CZ25778722;315700JO74P7ADVLMZ03;CZ;Artesa, spořitelní družstvo
CZ25783301;2138007WKF5CM2EUM824;CZ;Citfin, spořitelní družstvo
CZ26080222;;CZ;Oberbank AG pobočka Česká republika
CZ26137755;315700Q3NWBC3ROTRC09;CZ;NEY spořitelní družstvo
CZ27943445;;CZ;mBank S.A., organizační složka
CZ28198131;;CZ;Citibank Europe plc, organizační složka
CZ28949587;;CZ;Saxo Bank A/S, organizační složka
CZ29045371;31570010000000049662;CZ;Air Bank a.s.
CZ44848943;31570010000000034433;CZ;Národní rozvojová banka, a.s.
CZ45244782;9KOGW2C2FCIOJQ7FF485;CZ;Česká spořitelna, a.s.
CZ45317054;IYKCAVNFR8QGF00HV840;CZ;Komerční banka, a.s.
CZ47115289;31570010000000006400;CZ;MONETA Stavební Spořitelna, a.s.
CZ47115378;31570010000000043842;CZ;J&T BANKA, a.s.
CZ47116129;31570010000000036567;CZ;PPF banka a.s.
CZ47610921;;CZ;COMMERZBANK Aktiengesellschaft, pobočka Praha
CZ48136450;549300DS86PEHLIYB473;CZ;Česká národní banka
CZ48550019;;CZ;"Všeobecná úverová banka a.s., pobočka Praha; zkráceně: VUB, a.s., pobočka Praha"
CZ49240901;31570010000000004460;CZ;Raiffeisenbank a.s.
CZ49241257;315700YS6RQ5TF3VBP01;CZ;Raiffeisen stavební spořitelna a.s.
CZ49241397;315700I69P2Y9QDZ9S07;CZ;ČSOB Stavební spořitelna, a.s.
CZ49279866;;CZ;ING Bank N.V.
CZ60192852;5493001S0OG5A972P206;CZ;Modrá pyramida stavební spořitelna, a.s.
CZ60197609;315700BB8GELKKC5Z374;CZ;Stavební spořitelna České spořitelny, a.s.
CZ60433566;;CZ;Deutsche Bank Aktiengesellschaft Filiale Prag, organizační složka
CZ61858374;31570010000000050244;CZ;Fio banka, a.s.
CZ63078333;DW6MQVZNJSSKVELT9F22;CZ;Česká exportní banka, a.s.
CZ63492555;31570010000000004266;CZ;Banka CREDITAS a.s.
CZ64508889;8945003MK2S9JTSOS633;CZ;Peněžní dům, spořitelní družstvo
CZ64948242;KR6LSKV3BTSJRD41IF75;CZ;UniCredit Bank Czech Republic and Slovakia, a.s.
DE00001;7LTWFZYICNSX8D621K86;DE;DEUTSCHE BANK AKTIENGESELLSCHAFT
DE00003;851WYGNLUQLFZBSYGB56;DE;COMMERZBANK Aktiengesellschaft
DE00008;2ZCNRR8UK83OBTEK2170;DE;UniCredit Bank GmbH
DE00014;529900XLAZ15LYK8XK27;DE;ODDO BHF SE
DE00023;;DE;Coöperatieve Rabobank U.A. , Zweigniederlassung Frankfurt am Main
DE00034;529900P108QSOO21EE97;DE;Hoerner-Bank Aktiengesellschaft
DE00036;529900IZQVARX18TFQ50;DE;RSB Retail + Service Bank GmbH
DE00039;529900LSSAD1RBVWHJ37;DE;CVW-Privatbank AG
DE00049;5299002UTTT1XULL7E86;DE;Weberbank Actiengesellschaft
DE00067;3KXUNHVVQFIJN6RHLO76;DE;ING-DiBa AG
DE00087;5299008RRLLP8RA53L11;DE;Frankfurter Bankgesellschaft (Deutschland) AG
DE00091;5299008I0TO44SUINZ71;DE;Oldenburgische Landesbank Aktiengesellschaft
DE00096;529900FR98RO8IKX3687;DE;GLADBACHER BANK Aktiengesellschaft von 1922
DE00098;529900B91AUH0YTEXN10;DE;National-Bank Aktiengesellschaft
DE00109;52990085SMO9HN005K47;DE;Steyler Bank GmbH
DE00114;391200IBCEYMREHKPO13;DE;VR Smart Finanz Bank GmbH
DE00121;391200A8DWHFBC0GKO15;DE;Union - Bank, Aktiengesellschaft
DE00122;;DE;MUFG Bank (Europe) N.V. Germany Branch
DE00131;391200Y7BOFEZOE3X484;DE;BANK MELLI IRAN
DE00132;529900NRZX63FAIX8B67;DE;Bank Saderat Iran Zweigniederlassung Hamburg
DE00137;;DE;Banco do Brasil S.A. Zweigniederlassung Frankfurt/Main
DE00149;;DE;Sumitomo Mitsui Banking Corporation Fil. Düsseldorf Zweigniederlassung der Sumitomo Mitsui Banking Corporation mit Sitz in Tokio
DE00151;;DE;BNP Paribas S.A. Niederlassung Deutschland
DE00161;5299005TV0L59BVRQG23;DE;Bankhaus Bauer Aktiengesellschaft
DE00163;529900XLXZ4E43CYT795;DE;Bankhaus Ellwanger & Geiger AG
DE00164;391200VXBQK0HAAE7G94;DE;Yapi Kredi Bank Deutschland GmbH & Co. OHG
DE00168;529900984Z5768JBQF32;DE;Bankhaus Gebr. Martin Aktiengesellschaft
DE00169;391200N0BCBVNXBRVE65;DE;Bankhaus E. Mayer Aktiengesellschaft
DE00178;529900RH5DCK9S9XYX26;DE;Bankhaus Max Flessa KG
DE00179;529900I6N5PAU6EVAN62;DE;Fürst Fugger Privatbank Aktiengesellschaft
DE00181;529900WQ56SLB1IPWX73;DE;Fürstlich Castell'sche Bank, Credit-Casse Aktiengesellschaft
DE00182;529900RHBE9A57LIR568;DE;Gabler-Saliter Bankgeschäft AG
DE00184;5299001DYPSTT2ATLX95;DE;Bankhaus Anton Hafner KG
DE00191;529900Y9V9S4JSXJZK89;DE;MERKUR PRIVATBANK KGaA
DE00204;529900J7MNGH9AFRRD37;DE;Bankhaus Ludwig Sperrer KG
DE00223;529900UC2OD7II24Z667;DE;Joh. Berenberg, Gossler & Co. KG
DE00224;MZI1VDH2BQLFZGLQDO60;DE;M.M.Warburg & CO (AG & Co.) Kommanditgesellschaft auf Aktien
DE00225;23ZYQ4KSBEDVYML8NC86;DE;Donner & Reuschel Aktiengesellschaft
DE00229;391200HOASIPGIO9YW76;DE;Goyer & Göppel KG
DE00233;529900K6G9E0JFCFFE23;DE;GRENKE BANK AG
DE00238;529900CK14SGH0EXOB27;DE;MARCARD, STEIN & CO AG
DE00249;529900REDZ151VJNW143;DE;Otto M. Schröder Bank Aktiengesellschaft
DE00253;529900BQBP4JMDPM6Q19;DE;Sutor Bank GmbH
DE00268;529900OOZP78CYPYF471;DE;Hauck Aufhäuser Lampe Privatbank AG
DE00272;529900IOG1ENLW4SUU53;DE;B. Metzler seel. Sohn & Co. Aktiengesellschaft
DE00285;529900JKIXFIA5LYZN73;DE;Bankhaus Rautenschlein AG
DE00286;529900QAB0KRK7AA2H39;DE;Bankhaus C.L. Seeliger
DE00307;529900FAAKQAZH0OHZ82;DE;Bankhaus Werhahn GmbH
DE00313;0W2PZJM8XOY22M4GG883;DE;DekaBank Deutsche Girozentrale
DE00316;B81CK4ESI35472RHJ606;DE;Landesbank Baden-Württemberg
DE00317;VDYMYTQGZZ6DU0912C88;DE;Bayerische Landesbank
DE00319;DIZES5CFO5K3I5R58746;DE;Landesbank Hessen-Thüringen Girozentrale
DE00320;DSNHHQ2B9X5N6OUJ1236;DE;Norddeutsche Landesbank - Girozentrale -
DE00323;52990050SU0S4QQ4Z793;DE;Landesbank Saar
DE00325;529900CJAJ0HDPPKUI53;DE;Nassauische Sparkasse
DE00326;529900YI8T6QA0JQK313;DE;Weser-Elbe Sparkasse
DE00327;529900QSMH3HXBJ9SL46;DE;Sparkasse Harburg-Buxtehude
DE00328;5299007CKOPKK8KX5129;DE;Rheinhessen Sparkasse
DE00334;529900QEGCJHHO6UKH69;DE;Sparkasse Baden-Baden Gaggenau
DE00335;529900SSWVMON8NEA304;DE;Sparkasse Zollernalb
DE00336;529900FPOU897IEWGV26;DE;Kreissparkasse Biberach
DE00338;529900EAWG62TCNQBF95;DE;Sparkasse Bonndorf-Stühlingen
DE00341;5299006YTQCHS2507R72;DE;Sparkasse Kraichgau Bruchsal-Bretten-Sinsheim
DE00343;529900A4VD7OJP4QV963;DE;Sparkasse Bühl
DE00351;529900IENHXJ2NGZOG87;DE;Sparkasse Engen-Gottmadingen
DE00356;529900FQZL2INESW9U34;DE;Sparkasse Freiburg - Nördlicher Breisgau
DE00357;529900UWNQB5DODHTT84;DE;Kreissparkasse Freudenstadt
DE00363;52990051JDPDRCH81306;DE;Kreissparkasse Göppingen
DE00367;529900NAPLQYW9153R51;DE;Sparkasse Heidelberg
DE00368;529900S3OB921ZBBUG77;DE;Kreissparkasse Heidenheim
DE00369;529900LG0ZUI1LJU1P46;DE;Kreissparkasse Heilbronn
DE00374;5299004R4U60UMXLSE36;DE;Sparkasse Karlsruhe
DE00386;529900VKOX7NVXBMT814;DE;Sparkasse Lörrach-Rheinfelden
DE00392;529900HIPZJM9DD5IY23;DE;Sparkasse Neckartal-Odenwald
DE00402;529900JFTHKPTK4YNL22;DE;Sparkasse Offenburg/Ortenau
DE00405;529900JB2S6CH38UQ526;DE;Sparkasse Pforzheim Calw
DE00406;5299006OIW9QJSRKHQ34;DE;Sparkasse Pfullendorf-Meßkirch
DE00409;529900IFA2AT4G50OJ06;DE;Sparkasse Rastatt-Gernsbach
DE00411;529900E5ULQQ1YHY4B13;DE;Bezirkssparkasse Reichenau
DE00412;529900WZ5UJMQE5EXE26;DE;Kreissparkasse Reutlingen
DE00415;529900E0KDTTAKITHC30;DE;Kreissparkasse Rottweil
DE00417;529900Y13T748OVUXC90;DE;Sparkasse Salem-Heiligenberg
DE00418;529900XWPESFARJQCP22;DE;Sparkasse St. Blasien
DE00423;529900UES658BJBP8J39;DE;Sparkasse Wiesental
DE00427;52990003P069MRS9D366;DE;Hohenzollerische Landesbank Kreissparkasse Sigmaringen
DE00428;529900JDIYXTIWKTOO60;DE;Sparkasse Hegau-Bodensee
DE00430;529900UMMBRANM3CYR20;DE;Sparkasse Staufen - Breisach
DE00435;529900VZSHKAB0ZU6Z09;DE;Kreissparkasse Tübingen
DE00436;529900H6PMBEQPIEO203;DE;Kreissparkasse Tuttlingen
DE00438;52990086IBNN51AGC442;DE;Sparkasse Ulm
DE00440;529900NDGXZ3LYLNJ560;DE;Sparkasse Schwarzwald-Baar
DE00444;52990080QYNLX4A3L311;DE;Sparkasse Hochrhein
DE00447;5299003MY56ID5EB4A55;DE;Sparkasse Rhein Neckar Nord
DE00449;529900TKRAC1FVTIP419;DE;Sparkasse Wolfach
DE00452;529900VUIZ6XDB24BS88;DE;Kreissparkasse Kelheim
DE00453;52990084ABYC6UAATC06;DE;Sparkasse Altbayern
DE00457;529900BV5EI1UAISKK27;DE;Sparkasse Amberg-Sulzbach
DE00459;529900LUBMIN39VO2E71;DE;Sparkasse Ansbach
DE00460;529900BR2N56KWNZOM37;DE;Sparkasse Aschaffenburg Miltenberg
DE00461;5299006A2PPHMJUAYM46;DE;Sparkasse Schwaben-Bodensee
DE00462;529900ZNZD8D716HUX57;DE;Stadtsparkasse Augsburg
DE00464;391200XJG9QEDCAKOR61;DE;Sparkasse Bad Kissingen
DE00465;529900566QCZUTPT0Z19;DE;Sparkasse Bad Neustadt a.d. Saale
DE00466;529900BZT0YLD8BX1C59;DE;Sparkasse Berchtesgadener Land
DE00467;529900APW112CPUURJ66;DE;Sparkasse Bad Tölz-Wolfratshausen
DE00469;52990020SMIEX1JAAC63;DE;Sparkasse Bamberg
DE00471;529900PZGUNUKBMH0471;DE;Sparkasse Bayreuth
DE00480;529900YPOP2D2UZUH696;DE;Sparkasse im Landkreis Cham
DE00481;52990080LR098K1FPZ23;DE;Sparkasse Coburg - Lichtenfels
DE00482;529900G6UCC7ITW6FJ76;DE;Sparkasse Dachau
DE00483;391200IEV1ZDPNC0US12;DE;Sparkasse Deggendorf
DE00484;529900SD1974X696ZY57;DE;Sparkasse Nordschwaben
DE00492;529900CHS8N7O4D0SX11;DE;Sparkasse Rottal-Inn
DE00495;52990057VEWDZZFRIJ07;DE;Kreis- und Stadtsparkasse Erding - Dorfen
DE00496;529900YFF1OOLDFE8X31;DE;Stadt- und Kreissparkasse Erlangen Höchstadt Herzogenaurach
DE00497;5299000REI62JRPXGL18;DE;Vereinigte Sparkassen Eschenbach i.d.OPf. Neustadt a.d.Waldnaab Vohenstrauß
DE00499;529900PUKP3ST64FSG09;DE;Sparkasse Forchheim
DE00500;529900IS3SXULH78V985;DE;Sparkasse Freising Moosburg
DE00501;529900I4L1Y0ODNKC686;DE;Sparkasse Freyung-Grafenau
DE00503;529900GJCEV5ZKNTXN91;DE;Sparkasse Fürstenfeldbruck
DE00505;52990094TGOJNBK96L42;DE;Sparkasse Fürth
DE00524;5299005GLFOIV7898E14;DE;Sparkasse Ingolstadt Eichstätt
DE00529;5299008PIM61AXE4C673;DE;Sparkasse Allgäu
DE00535;529900ZJRUSVF8RF1H87;DE;Sparkasse Kulmbach-Kronach
DE00537;5299004IB85Q1YRX3B03;DE;Sparkasse Landsberg-Dießen
DE00538;529900GS01MWP4QSH807;DE;Sparkasse Landshut
DE00558;529900NJ4Q1DCL4PDE25;DE;Sparkasse Altötting-Mühldorf
DE00560;529900NY4QE4LF18FA62;DE;Kreissparkasse München Starnberg Ebersberg
DE00561;529900P7CWBZI0062C32;DE;Stadtsparkasse München
DE00565;529900C09PDSUJ27W947;DE;Sparkasse Neumarkt i.d. OPf.-Parsberg
DE00566;529900TLIYFNG3FNFO86;DE;Sparkasse im Landkreis Schwandorf
DE00567;5299009UC90NABGYXQ93;DE;Sparkasse im Landkreis Neustadt a.d. Aisch-Bad Windsheim
DE00569;5299003VTP6ZWXLP4P45;DE;Sparkasse Neu-Ulm-Illertissen
DE00572;529900JIWTBNXOL05L62;DE;Sparkasse Nürnberg
DE00580;529900GNYEKYXPXMOG38;DE;Sparkasse Passau
DE00583;5299005E2JTERRY3R285;DE;Sparkasse Pfaffenhofen
DE00588;5299003GUMW9P8LSKW56;DE;Sparkasse Regen-Viechtach
DE00590;5299007M83GBOCBBUP36;DE;Sparkasse Regensburg
DE00592;529900Q34WY4SPLWUU02;DE;Sparkasse Rosenheim-Bad Aibling
DE00601;529900VJ7CMGXPGH3278;DE;Sparkasse Mittelfranken-Süd
DE00605;529900FD6V055NBG4N83;DE;Sparkasse Schweinfurt-Haßberge
DE00607;5299001PM387GO938F16;DE;Sparkasse Hochfranken
DE00612;529900OC0J2AGDDP1J56;DE;Sparkasse Niederbayern-Mitte
DE00615;5299009W2BWIO9MJJC09;DE;Kreissparkasse Miesbach-Tegernsee
DE00616;529900OJUMG5RXV5MM55;DE;Sparkasse Oberpfalz Nord
DE00617;529900UV7P5CA8A2L926;DE;Kreissparkasse Traunstein-Trostberg
DE00626;529900GP93B3EF6Y1989;DE;Kreis- und Stadtsparkasse Wasserburg am Inn
DE00629;529900ZDHNWPHOLBE586;DE;Sparkasse Oberland
DE00634;529900E12M42ZWY1DR93;DE;Sparkasse Mainfranken Würzburg
DE00637;GTQYZJON3I7SXRNJTT73;DE;BSK 1818 AG
DE00639;529900NFJKJ2DP8JF676;DE;Sparkasse Bad Hersfeld-Rotenburg
DE00642;529900EUTCQB5DCMA432;DE;Sparkasse Bensheim
DE00645;529900UELOQV2KQ0VP31;DE;Sparkasse Darmstadt und Dieburg
DE00646;529900SD3IGDPZNANU33;DE;Sparkasse Dillenburg
DE00647;5299003HG8DC8Z3S9980;DE;Sparkasse Odenwaldkreis in Erbach/Odenwald
DE00648;529900AONE10IZH5SS46;DE;Sparkasse Werra-Meißner
DE00652;52990055VN3I202R2809;DE;Taunus-Sparkasse
DE00653;529900RKMTF8ZAPTUM88;DE;Sparkasse Oberhessen
DE00655;5299001KN7JTMRR7ZI39;DE;Sparkasse Fulda
DE00657;529900XEQIE8VMIDYW28;DE;Kreissparkasse Gelnhausen
DE00658;52990037IU0Q6VO1PN63;DE;Sparkasse Gießen
DE00659;5299003TZAODBIABJG85;DE;Stadtsparkasse Grebenstein
DE00660;529900RJT960CY3TAK43;DE;Kreissparkasse Groß-Gerau
DE00662;529900VHCXYMDIQIM016;DE;Sparkasse Grünberg
DE00665;529900R5ERJA9VIZHJ29;DE;SPARKASSE HANAU
DE00666;529900O8CY96WQ1J1K50;DE;Sparkasse Starkenburg
DE00671;5299006OWDQGU3FEDK86;DE;Kasseler Sparkasse
DE00673;529900YC0TR3UL05I974;DE;Sparkasse Waldeck-Frankenberg
DE00675;529900S333RWFYXPZ609;DE;Sparkasse Laubach-Hungen
DE00677;529900BU2W60OCE4EA97;DE;Kreissparkasse Limburg
DE00678;529900UOYUJW1XI7W397;DE;Sparkasse Marburg-Biedenkopf
DE00680;5299001UN4CS1DE1IX93;DE;Kreissparkasse Schwalm-Eder
DE00682;5299006B79LKOVMTXV20;DE;Städtische Sparkasse Offenbach a. M.
DE00684;529900C7LGUV8N5BG037;DE;Kreissparkasse Schlüchtern
DE00685;529900LDE3E6OBYFX311;DE;Sparkasse Langen-Seligenstadt
DE00687;529900GDEQOVMPFW8P55;DE;Sparkasse Borken-Schwalmstadt
DE00688;529900QGRCPQ350ZRW03;DE;Kreissparkasse Weilburg
DE00689;5299004KRGBMRXWVS362;DE;Sparkasse Wetzlar
DE00694;529900JR1L6WNLIJJD61;DE;Sparkasse Emsland
DE00697;391200OG5RNDK1ZITM27;DE;Stadtsparkasse Bad Pyrmont
DE00699;529900QJM5ZMC4NOIG04;DE;Stadtsparkasse Barsinghausen
DE00701;5299005E2F0CA1738607;DE;Kreissparkasse Bersenbrück
DE00704;529900IBJLNVLFIMJY19;DE;Sparkasse Rotenburg Osterholz
DE00705;529900ZC0WL2F329G071;DE;Sparkasse Schaumburg
DE00711;529900LY1N4UG9EC0610;DE;Stadtsparkasse Cuxhaven
DE00715;529900WC8X3A11AGMF63;DE;Zweckverbandssparkasse Duderstadt
DE00716;529900XII8B4ECFBUR04;DE;Sparkasse Einbeck
DE00717;529900JVRSMSZBR6NB58;DE;Sparkasse Emden
DE00718;5299002GDXM6JRUY4311;DE;Sparkasse Celle-Gifhorn-Wolfsburg